Alpha2	Alpha3	NumericCode	ShortName	FullName	NameE	CType	WikipediaJ	WikipediaE	Mofa	CapitalJ	CapitalE	Lat	Lng	Remarks	Popu2007	Area	Wikitravel	GdpPpp	GdpPppPerCapita	Aiueo	Teritory	Eu	通貨iso	通貨タイプ	通貨備考
AD	AND	20	アンドラ	アンドラ公国	Andorra	1	アンドラ	Andorra	andorra	アンドラ・ラ・ヴェリャ	Andorra la Vella	42.5	1.5		75000	468	アンドラ	2770	38800	あんとら			EUR	3	
AE	ARE	784	アラブ首長国連邦	アラブ首長国連邦	United Arab Emirates	1	アラブ首長国連邦	United Arab Emirates	uae	アブダビ	[[Abu Dhabi (city)| Abu Dhabi]]	24.466667	54.366667		4380000	83600	アラブ首長国連邦	167296	37293	あらふしゆちようこくれんほう			AED	1	
AF	AFG	4	アフガニスタン	アフガニスタン・イスラム共和国	Afghanistan	1	アフガニスタン	Afghanistan	afghanistan	カブール	Kabul	34.533	69.166		27145000	652090	アフガニスタン	19840	724	あふかにすたん			AFN	1	
AG	ATG	28	アンティグア・バーブーダ	アンティグア・バーブーダ	Antigua and Barbuda	1	アンティグア・バーブーダ	Antigua and Barbuda	antigua	セントジョンズ	[[St. John's, Antigua and Barbuda|St. John's]	17.116667	-61.85		85000	442	アンティグア・バーブーダ	1526	18338	あんていくあ・はふた			XCD	2	
AI	AIA	660	アンギラ	アンギラ	Anguilla	4	アンギラ	Anguilla		[[バレー (アンギラ)|バレー]]	[[The Valley, Anguilla|The Valley]]	18.220556	-63.068611		13000	91	アンギラ	109	8800	あんきら	GB		XCD	2	
AL	ALB	8	アルバニア	アルバニア共和国	Albania	1	アルバニア	Albania	albania	ティラナ	Tirana	41.33	19.82		3190000	28748	アルバニア	19916	6290	あるはにあ			ALL	1	
AM	ARM	51	アルメニア	アルメニア共和国	Armenia	1	アルメニア	Armenia	armenia	エレバン	Yerevan	40.1593	44.5091		3002000	29800	アルメニア	17151	4942	あるめにあ			AMD	1	
AO	AGO	24	アンゴラ	アンゴラ共和国	Angola	1	アンゴラ	Angola	angola	ルアンダ	Luanda	-8.838333	13.234444		17024000	1246700	アンゴラ	91286	5590	あんこら			AOA	1	
AQ	ATA	10	南極	南極	Antarctica	4	南極	Antarctica		-	-	-75	0	南極条約により領有権が凍結されている。		14000000	南極大陸			なんきよく				0	
AR	ARG	32	アルゼンチン	アルゼンチン共和国	Argentina	1	アルゼンチン	Argentina	argentine	ブエノスアイレス	Buenos Aires	-34.61	-58.369997		39531000	2780400	アルゼンチン	523739	13308	あるせんちん			ARS	1	
AS	ASM	16	アメリカ領サモア	アメリカ領サモア	American Samoa	4	アメリカ領サモア	American Samoa		パゴパゴ	Pago Pago	-14.273	-170.702		67000	199	アメリカ領サモア	510	5800	あめりかりようさもあ	US		USD	3	
AT	AUT	40	オーストリア	オーストリア共和国	Austria	1	オーストリア	Austria	austria	ウィーン	Vienna	48.20875	16.372583		8361000	83858	オーストリア	317807	38399	おすとりあ		1	EUR	2	
AU	AUS	36	オーストラリア	オーストラリア連邦	Australia	1	オーストラリア	Australia	australia	キャンベラ	Canberra	-35.3075	149.124417		20743000	7741220	オーストラリア	760812	36258	おすとらりあ			AUD	1	
AW	ABW	533	アルバ	アルバ	Aruba	4	アルバ	Aruba		オラニエスタッド	Oranjestad, Aruba	12.516667	-70.016667		104000	180	アルバ	2258	21800	あるは	NL		AWG	1	
AX	ALA	248	オーランド諸島	オーランド諸島	Åland Islands	4	オーランド諸島	Åland Islands		マリエハムン	Mariehamn	60.116667	19.9							おらんと	FI		EUR	3	
AZ	AZE	31	アゼルバイジャン	アゼルバイジャン共和国	Azerbaijan	1	アゼルバイジャン	Azerbaijan	azerbaijan	バクー	Baku	40.395278	49.882222		8467000	86600	アゼルバイジャン	65469	7656	あせるはいしやん			AZN	1	
BA	BIH	70	ボスニア・ヘルツェゴビナ	ボスニア・ヘルツェゴビナ	Bosnia and Herzegovina	1	ボスニア・ヘルツェゴビナ	Bosnia and Herzegovina	bosnia_h	サラエボ	Sarajevo	43.866667	18.416667		3935000	51197	ボスニア・ヘルツェゴビナ	27728	6964	ほすにあへるつえこひな			BAM	1	
BB	BRB	52	バルバドス	バルバドス	Barbados	1	バルバドス	Barbados	barbados	ブリッジタウン	Bridgetown	13.0947	-59.6175		294000	430	バルバドス	5317	19347	はるはとす			BBD	1	
BD	BGD	50	バングラデシュ	バングラデシュ人民共和国	Bangladesh	1	バングラデシュ	Bangladesh	bangladesh	ダッカ	Dhaka	23.7	90.375		158665000	143998	バングラデシュ	206658	1300	はんくらてしゆ			BDT	1	
BE	BEL	56	ベルギー	ベルギー王国	Belgium	1	ベルギー	Belgium	belgium	ブリュッセル	Brussels	50.846667	4.3525		10457000	30528	ベルギー	375993	35273	へるき		1	EUR	1	
BF	BFA	854	ブルキナファソ	ブルキナファソ	Burkina Faso	1	ブルキナファソ	Burkina Faso	burkina	ワガドゥグー	Ouagadougou	12.357222	-1.535278		14784000	274000	ブルキナファソ	17200	1253	ふるきなふあそ			XOF	2	
BG	BGR	100	ブルガリア	ブルガリア共和国	Bulgaria	1	ブルガリア	Bulgaria	bulgaria	ソフィア	Sophia	42.7	23.333333		7639000	110912	ブルガリア	86317	11302	ふるかりあ		1	BGN	1	
BH	BHR	48	バーレーン	バーレーン王国	Bahrain	1	バーレーン	Bahrain	bahrain	マナーマ	Manama	26.216667	50.583333		753000	694	バーレーン	24499	32064	はれん			BHD	1	
BI	BDI	108	ブルンジ	ブルンジ共和国	Burundi	1	ブルンジ	Burundi	brundi	ブジュンブラ	Bujumbura	-3.383333	29.366667		8508000	27834	ブルンジ	2896	372	ふるんし			BIF	1	
BJ	BEN	204	ベナン	ベナン共和国	Benin	1	ベナン	Benin	benin	ポルトノボ	Porto-Novo	6.497222	2.605		9033000	112622	ベナン	12102	1541	へなん			XOF	2	
BL	BLM	652	サン・バルテルミー島	サン・バルテルミー島	Saint Barthélemy	4	サン・バルテルミー島	Saint Barthélemy		グスタビア	Gustavia (town)	17.9	-62.833333		6852					さんはるてるみ	FR		EUR	3	
BM	BMU	60	バミューダ諸島	バミューダ諸島	Bermuda	4	バミューダ諸島	Bermuda		[[ハミルトン (バミューダ)|ハミルトン]]	[[Hamilton, Bermuda|Hamilton]]	32.3	-64.783333		65000	53	バミューダ	4500	69900	はみゆた	GB		BMD	1	
BN	BRN	96	ブルネイ	ブルネイ・ダルサラーム国	Brunei Darussalam	1	ブルネイ	Brunei	brunei	バンダルスリブガワン	Bandar Seri Begawan	4.890338	114.942457		390000	5765	ブルネイ	19640	51005	ふるねい			BND	1	
BO	BOL	68	ボリビア	ボリビア共和国	Bolivia	1	ボリビア	Bolivia	bolivia	ラパス	La Paz	-16.5	-68.15	憲法上の首都は[[スクレ (ボリビア)|スクレ]]（[[Sucre]]）である	9525000	1098581	ボリビア	39438	4013	ほりひあ			BOB	1	
BQ	BES	535	ボネール、シント・ユースタティウス及びサバ	ボネール、シント・ユースタティウス及びサバ	Bonaire, Saint Eustatius and Saba 	4	ボネール、シント・ユースタティウスおよびサバ	Caribbean Netherlands		-	-	12.1507	-68.2767							ほねえる	NL		USD	3	
BR	BRA	76	ブラジル	ブラジル連邦共和国	Brazil	1	ブラジル	Brazil	brazil	ブラジリア	Brasília	-15.8	-47.9		191791000	8514877	ブラジル	1835642	9695	ふらしる			BRL	1	
BS	BHS	44	バハマ	バハマ国	Bahamas	1	バハマ	The Bahamas	bahama	ナッソー	[[Nassau, Bahamas|Nassau]]	25.06	-77.345		331000	13878	バハマ	8332	25026	ははま			BSD	1	
BT	BTN	64	ブータン	ブータン王国	Bhutan	1	ブータン	Bhutan	bhutan	ティンプー	Thimphu	27.466667	89.641667		658000	47000	ブータン	3359	5167	ふたん			BTN	1	
BV	BVT	74	ブーベ島	ブーベ島	Bouvet Island	4	ブーベ島	Bouvet Island		-	-	-54.433333	3.4	ノルウェー領の無人島。氷河で覆われ、世界で最も遠隔の島である。	0	49				ふへとう	NO			0	
BW	BWA	72	ボツワナ	ボツワナ共和国	Botswana	1	ボツワナ	Botswana	botswana	ハボローネ	Gaborone	-24.658056	25.912222		1882000	581730	ボツワナ	25676	16450	ほつわな			BWP	1	
BY	BLR	112	ベラルーシ	ベラルーシ共和国	Belarus	1	ベラルーシ	Belarus	belarus	ミンスク	Minsk	53.9	27.566667		9689000	207600	ベラルーシ	105246	10910	へらるし			BYN	1	
BZ	BLZ	84	ベリーズ	ベリーズ	Belize	1	ベリーズ	Belize	belize	ベルモパン	Belmopan	17.251389	-88.766944		288000	22966	ベリーズ	2444	7863	へりす			BZD	1	
CA	CAN	124	カナダ	カナダ	Canada	1	カナダ	Canada	canada	オタワ	Ottawa	45.420833	-75.69		32876000	9970610	カナダ	1265838	38435	かなた			CAD	1	
CC	CCK	166	ココス諸島	ココス諸島	Cocos (Keeling) Islands	4	ココス諸島	Cocos (Keeling) Islands		ウェスト島	[[West Island, Cocos (Keeling) Islands|West Island]]	-12.116667	96.9	オーストラリア領で2つの環礁と27の珊瑚礁の島からなっている。	628	14	ココス諸島			ここす	AU		AUD	3	
CD	COD	180	コンゴ民主共和国	コンゴ民主共和国	Democratic Republic of the Congo	1	コンゴ民主共和国	Democratic Republic of the Congo	congomin	キンシャサ	Kinshasa	-4.325	15.322222		62636000	2344858	コンゴ民主共和国	13229	3730	こんこみんしゆきようわこく			CDF	1	
CF	CAF	140	中央アフリカ	中央アフリカ共和国	Central African Republic	1	中央アフリカ	Central African Republic	car	バンギ	Bangui	4.366667	18.583333		4343000	622984	中央アフリカ共和国	3099	726	ちゆうおうあふりか			XAF	2	
CG	COG	178	コンゴ共和国	コンゴ共和国	Republic of the Congo	1	コンゴ共和国	Republic of the Congo	congokyo	ブラザヴィル	Brazzaville	-4.266667	15.283333		3768000	342000	コンゴ共和国	18844	309	こんこきようわこく			XAF	2	
CH	CHE	756	スイス	スイス連邦	Switzerland	1	スイス	Switzerland	switzerland	ベルン	Berne	46.95	7.45		7484000	41284	スイス	300186	41128	すいす			CHF	1	
CI	CIV	384	コートジボワール	コートジボワール共和国	Côte d'Ivoire	1	コートジボワール	Ivory Coast	cote_d	ヤムスクロ	Yamoussoukro	6.816667	-5.283333		19262000	322463	コートジボワール	32181	1716	ことしほわる			XOF	1	
CK	COK	184	クック諸島	クック諸島	Cook Islands	4	クック諸島	Cook Islands	cook	アバルア	Avarua	-21.2056	-159.78		13000	236	クック諸島	183	9100	くつく	NZ		NZD	3	
CL	CHL	152	チリ	チリ共和国	Chile	1	チリ	Chile	chile	サンティアゴ	[[Santiago, Chile|Santiago]]	-33.45	-70.666667		16635000	756096	チリ	231061	13936	ちり			CLP	1	
CM	CMR	120	カメルーン	カメルーン共和国	Cameroon	1	カメルーン	Cameroon	cameroon	ヤウンデ	Yaoundé	3.866667	11.516667		18549000	475442	カメルーン	39365	2088	かめるん			XAF	2	
CN	CHN	156	中国	中華人民共和国	People's Republic of China	1	中華人民共和国	China	china	北京	Beijing	39.913889	116.391667		1328630000	9596961	中国	6991036	5292	ちゆうかしんみんきようわこく			CNY	1	
CO	COL	170	コロンビア	コロンビア共和国	Colombia	1	コロンビア	Colombia	colombia	ボゴタ	Bogotá	4.6117	-74.076		46156000	1138914	コロンビア	319522	6724	ころんひあ			COP	1	
CP			クリッパートン島	クリッパートン島	Clipperton Island	4	クリッパートン島	Clipperton Island		-	-	10.3	-109.216667	メキシコ沖の太平洋に浮かぶフランス領の無人島	0	8.9				くりつはとん	FR			0	
CR	CRI	188	コスタリカ	コスタリカ共和国	Costa Rica	1	コスタリカ	Costa Rica	costarica	サンホセ	[[San José, Costa Rica|San José]]	9.933333	-84.083333		4468000	51100	コスタリカ	45765	10300	こすたりか			CRC	1	
CU	CUB	192	キューバ	キューバ共和国	Cuba	1	キューバ	Cuba	cuba	ハバナ	Havana	23.133333	-82.383333		11268000	110861	キューバ	51110	4500	きゆは			CUC	1	
CV	CPV	132	カーボベルデ	カーボヴェルデ共和国	Cape Verde	1	カーボベルデ	Cape Verde	capeverde	プライア	Praia	14.916667	-23.516667		530000	4033	カーボベルデ	1603	3244	かほへるて			CVE	1	
CW	CUW	531	キュラソー	キュラソー	Curacao 	4	キュラソー島	Curaçao		ウィレムスタッド	Willemstad	12.116667	-68.933333							きゆらそう	NL		ANG	2	
CX	CXR	162	クリスマス島	クリスマス島	Christmas Island	4	[[クリスマス島 (オーストラリア)|クリスマス島]]	Christmas Island		フライング・フィッシュ・コーブ	Flying Fish Cove	-10.5	105.666667	オーストラリア領の島で、面積の65%が国立公園になっており、熱帯雨林で覆われている。	1402	135	クリスマス島			くりすますとう	AU		AUD	3	
CY	CYP	196	キプロス	キプロス共和国	Cyprus	1	キプロス	Cyprus	cyprus	ニコシア	Nicosia	35.166667	33.35		855000	9251	キプロス	21382	27429	きふろす		1	EUR	2	
CZ	CZE	203	チェコ	チェコ共和国	Czech Republic	1	チェコ	Czech Republic	czech	プラハ	Prague	50.083333	14.416667		10186000	78866	チェコ	248902	24236	ちえこ		1	CZK	1	
DE	DEU	276	ドイツ	ドイツ連邦共和国	Germany	1	ドイツ	Germany	germany	ベルリン	Berlin	52.516667	13.416667		82599000	357022	ドイツ	2809693	34181	といつ		1	EUR	2	
DJ	DJI	262	ジブチ	ジブチ共和国	Djibouti	1	ジブチ	Djibouti	djibouti	ジブチ	Djibouti	11.6	43.166667		833000	23200	ジブチ	1738	2271	しふち			DJF	1	
DK	DNK	208	デンマーク	デンマーク王国	Denmark	1	デンマーク	Denmark	denmark	コペンハーゲン	Copenhagen	55.675	12.5687		5442000	43094	デンマーク	203677	37392	てんまく		1	DKK	1	
DM	DMA	212	ドミニカ国	ドミニカ国	Dominica	1	ドミニカ国	Dominica	c_dominica	ロゾー	Roseau	15.301389	-61.388333		67000	751	ドミニカ国	648	9043	とみにか			XCD	2	
DO	DOM	214	ドミニカ共和国	ドミニカ共和国	Dominican Republic	1	ドミニカ共和国	Dominican Republic	dominican_r	サントドミンゴ	Santo Domingo	18.5	-69.983333		9760000	48671	ドミニカ共和国	61792	7041	とみにかきようわこく			DOP	1	
DZ	DZA	12	アルジェリア	アルジェリア民主人民共和国	Algeria	1	アルジェリア	Algeria	algeria	アルジェ	Algiers	36.7	3.216667		33858000	2381741	アルジェリア	224748	6533	あるしえりあ			DZD	1	
EC	ECU	218	エクアドル	エクアドル共和国	Ecuador	1	エクアドル	Ecuador	ecuador	キト	Quito	-0.25	-78.583333		13341000	283561	エクアドル	98788	7195	えくあとる			USD	1	
EE	EST	233	エストニア	エストニア共和国	Estonia	1	エストニア	Estonia	estonia	タリン	Tallinn	59.433333	24.75		1335000	45100	エストニア	28317	21094	えすとにあ		1	EUR	2	
EG	EGY	818	エジプト	エジプト・アラブ共和国	Egypt	1	エジプト	Egypt	egypt	[[カイロ (エジプト)|カイロ]]	Cairo	30.05	31.366667		75498000	1001449	エジプト	403961	5491	えしふと			EGP	1	
EH	ESH	732	西サハラ	サハラ・アラブ民主共和国	Western Sahara	3	西サハラ	Western Sahara		アイウン	El_Aaiún	27.153611	-13.203333	モロッコが大部分の地域を実効支配し、ポリサリオ戦線が残りの地域を実効支配するとともに独立を主張している。	480000	266000	西サハラ			にしさはら			MAD	3	
ER	ERI	232	エリトリア	エリトリア国	Eritrea	1	エリトリア	Eritrea	eritrea	アスマラ	Asmara	15.333333	38.933333		4851000	117600	エリトリア	3619	774	えりとりあ			ERN	1	
ES	ESP	724	スペイン	スペイン	Spain	1	スペイン 	Spain	spain	マドリード	Madrid	40.383333	-3.716667		44279000	505992	スペイン 	1351608	30120	すへいん		1	EUR	2	
ET	ETH	231	エチオピア	エチオピア連邦民主共和国	Ethiopia	1	エチオピア	Ethiopia	ethiopia	アディスアベバ	Addis Ababa	9	38		83099000	1104300	エチオピア	62193	806	えちおひあ			ETB	1	
FI	FIN	246	フィンランド	フィンランド共和国	Finland	1	フィンランド	Finland	finland	ヘルシンキ	Helsinki	60.170833	24.9375		5277000	338145	フィンランド	185485	35280	ふいんらんと		1	EUR	2	
FJ	FJI	242	フィジー	フィジー諸島共和国	Fiji	1	フィジー	Fiji	fiji	スバ	Suva	-18.1416	178.4419		839000	18274	フィジー	3677	4230	ふいし			FJD	1	
FK	FLK	238	フォークランド諸島	フォークランド諸島	Falkland Islands	4	フォークランド諸島	Falkland Islands		[[スタンリー (フォークランド諸島)|スタンリー]]	[[Stanley, Falkland Islands|Stanley]]	-51.7	-57.85		3000	12173	フォークランド諸島	75	25000	ふおくらんと	GB		FKP	1	
FM	FSM	583	ミクロネシア連邦	ミクロネシア連邦	Federated States of Micronesia	1	ミクロネシア連邦	Federated States of Micronesia	micronesia	パリキール	Palikir	6.917778	158.185		111000	702	ミクロネシア連邦	385	3468	みくろねしあ			USD	3	
FO	FRO	234	フェロー諸島	フェロー諸島	Faroe Islands	4	フェロー諸島	Faroe Islands		トースハウン	Tórshavn	62	-6.783333		49000	1399	フェロー諸島	1000	31000	ふえろ	DK		DKK	3	
FR	FRA	250	フランス	フランス共和国	France	1	フランス	France	france	パリ	Paris	48.866667	2.333056		61647000	551500	フランス	2046899	33188	ふらんす		1	EUR	1	
GA	GAB	266	ガボン	ガボン共和国	Gabon	1	ガボン	Gabon	gabon	リーブルヴィル	Libreville	0.383333	9.45		1331000	267668	ガボン	20178	14083	かほん			XAF	2	
GB	GBR	826	イギリス	英国（グレートブリテン及び北アイルランド連合王国）	United Kingdom	1	イギリス	United Kingdom	uk	ロンドン	London	51.507778	-0.128056		60769000	242900	イギリス	2137421	35134	いきりす		1	GBP	1	
GD	GRD	308	グレナダ	グレナダ	Grenada	1	グレナダ	Grenada	grenada	セントジョージズ	[[St. George's, Grenada|St. George's]]	12.05	-61.75		106000	344	グレナダ	1108	10456	くれなた			XCD	2	
GE	GEO	268	ジョージア	ジョージア	Georgia	1	グルジア	[[Georgia_(country)|Georgia]]	georgia	トビリシ	Tbilisi	41.716667	44.783333		4395000	69700	グルジア	20499	4690	くるしあ			GEL	1	
GF	GUF	254	フランス領ギアナ	フランス領ギアナ	French Guiana	4	フランス領ギアナ	French Guiana		カイエンヌ	Cayenne	4.9227	-52.3269		202000	90000	フランス領ギアナ			ふらんすりようきあな	FR		EUR	3	
GG	GGY	831	ガーンジー島	ガーンジー島	Guernsey	4	ガーンジー島	Guernsey		セント・ピーター・ポート	St Peter Port	49.45	-2.55		65573		ガーンジー島	2742	44600	かんし	GB		GBP	3	
GH	GHA	288	ガーナ	ガーナ共和国	Ghana	1	ガーナ	Ghana	ghana	アクラ	Accra	5.55	-0.2		23478000	238533	ガーナ	31331	1426	かな			GHC	1	
GI	GIB	292	ジブラルタル	ジブラルタル	Gibraltar	4	ジブラルタル	Gibraltar		ジブラルタル	Gibraltar	36.133333	-5.35		29000	6	ジブラルタル	1066	38200	しふらるたる	GB		GIP	1	
GL	GRL	304	グリーンランド	グリーンランド	Greenland	4	グリーンランド	Greenland		ヌーク	Nuuk	64.166667	-51.716667		58000	2175600	グリーンランド	1100	20000	くりんらんと	DK		DKK	3	
GM	GMB	270	ガンビア	ガンビア共和国	Gambia	1	ガンビア	The Gambia	gambia	バンジュール	Banjul	13.453056	-16.5775		1709000	11295	ガンビア	2106	1326	かんひあ			GMD	1	
GN	GIN	324	ギニア	ギニア共和国	Guinea	1	ギニア	Guinea	guinea	コナクリ	Conakry	9.516667	-13.7		9370000	245857	ギニア	10692	1074	きにあ			GNF	1	
GP	GLP	312	グアドループ	グアドループ	Guadeloupe	4	グアドループ	Guadeloupe		[[バステール (グアドループ)|バステール]]	Basse-Terre	16.25	-61.583333		445000	1705	グアドループ			くあとるふ	FR		EUR	1	
GQ	GNQ	226	赤道ギニア	赤道ギニア共和国	Equatorial Guinea	1	赤道ギニア	Equatorial Guinea	eq_guinea	マラボ	Malabo	3.752064	8.7737		507000	28051	赤道ギニア	15537	12895	せきとうきにあ			XAF	2	
GR	GRC	300	ギリシャ	ギリシャ共和国	Greece	1	ギリシャ	Greece	greece	アテネ	Athens	37.966667	23.716667		11147000	131957	ギリシャ	324616	29172	きりしや		1	EUR	2	
GS	SGS	239	サウスジョージア・サウスサンドウィッチ諸島	サウスジョージア・サウスサンドウィッチ諸島	South Georgia and the South Sandwich Islands	4	サウスジョージア・サウスサンドウィッチ諸島	South Georgia and the South Sandwich Islands		グリトビケン	Grytviken	-54.2839	-36.4954							さうすしよしあ	GB		GBP	3	
GT	GTM	320	グアテマラ	グアテマラ共和国	Guatemala	1	グアテマラ	Guatemala	guatemala	グアテマラシティ	Guatemala City	14.622911	-90.531481		13354000	108889	グアテマラ	62528	4699	くあてまら			GTQ	1	
GU	GUM	316	グアム	グアム	Guam	4	グアム	Guam		ハガニア	[[Hagåtña, Guam|Hagåtña]]	13.45	144.783333	アメリカ合衆国の準州である。	173000	549	グアム	2500	15000	くあむ	US		USD	3	
GW	GNB	624	ギニアビサウ	ギニアビサウ共和国	Guinea-Bissau	1	ギニアビサウ	Guinea-Bissau	guinea_b	ビサウ	Bissau	11.85	-15.566667		1695000	36125	ギニアビサウ	808	484	きにあひさう			XOF	2	
GY	GUY	328	ガイアナ	ガイアナ共和国	Guyana	1	ガイアナ	Guyana	guyana	[[ジョージタウン (ガイアナ)|ジョージタウン]]	[[Georgetown, Guyana|Georgetown]]	6.8	-58.166667		738000	214969	ガイアナ	2920	3835	かいあな			GYD	1	
HK	HKG	344	香港	香港	Hong Kong	4	香港	Hong Kong	hongkong	香港	Hong Kong	22.3	114.2	1997年にイギリスから中華人民共和国へ返還され、中華人民共和国の特別行政区となっている。	7206000	1099	香港	292769	41994	ほんこん	CN		HKD	1	
HM	HMD	334	ハード島・マクドナルド諸島	ハード島・マクドナルド諸島	Heard Island and McDonald Islands	4	ハード島とマクドナルド諸島	Heard Island and McDonald Islands		-	-	-53.1	73.516667							はあととう	AU			0	
HN	HND	340	ホンジュラス	ホンジュラス共和国	Honduras	1	ホンジュラス	Honduras	honduras	テグシガルパ	Tegucigalpa	14.0833	-87.2167		7106000	112088	ホンジュラス	30651	4082	ほんしゆらす			HNL	1	
HR	HRV	191	クロアチア	クロアチア共和国	Croatia	1	クロアチア	Croatia	croatia	ザグレブ	Zagreb	45.816667	15.983333		4555000	56538	クロアチア	68984	15549	くろあちあ		1	HRK	1	
HT	HTI	332	ハイチ	ハイチ共和国	Haiti	1	ハイチ	Haiti	haiti	ポルトープランス	Port-au-Prince	18.533333	-72.333333		9598000	27750	ハイチ	11141	1291	はいち			HTG	1	
HU	HUN	348	ハンガリー	ハンガリー共和国	Hungary	1	ハンガリー	Hungary	hungary	ブダペスト	Budapest	47.471944	19.050278		10030000	93032	ハンガリー	191324	19027	はんかり		1	HUF	1	
ID	IDN	360	インドネシア	インドネシア共和国	Indonesia	1	インドネシア	Indonesia	indonesia	ジャカルタ	Jakarta	-6.1333	106.75		231627000	1904569	インドネシア	837791	3725	いんとねしあ			IDR	1	
IE	IRL	372	アイルランド	アイルランド	Ireland	1	アイルランド	Republic of Ireland	ireland	ダブリン	Dublin	53.3472	-6.2592		4301000	70273	アイルランド	186166	43144	あいるらんと		1	EUR	1	
IL	ISR	376	イスラエル	イスラエル国	Israel	1	イスラエル	Israel	israel	エルサレム	Jerusalem	31.783333	35.216667	エルサレムが首都であることは国際的に認められておらず、各国は[[テルアビブ]]（[[Tel Aviv]]）を首都として在外公館をおいている。	6928000	22145	イスラエル	185888	25799	いすらえる			ILS	1	
IM	IMN	833	マン島	マン島	Isle of Man	4	マン島	Isle of Man		ダグラス	Douglas	54.15	-4.483333		79000	572	マン島	2467	32039	まんとう	GB		GBP	3	
IN	IND	356	インド	インド	India	1	インド	India	india	ニューデリー	New Delhi	28.7	77.2		1169016000	3287263	インド	2988867	2659	いんと			INR	1	
IO	IOT	86	イギリス領インド洋地域	イギリス領インド洋地域	British Indian Ocean Territory	4	イギリス領インド洋地域	British Indian Ocean Territory		ディエゴガルシア島	Diego Garcia	-6	71.5	イギリスの海外領土で、チャゴス諸島を中心としたインド洋の1000を超える島を含む地域。ディエゴガルシア島の軍事基地を除き住民はいない。	3500	60	イギリス領インド洋地域			いきりすりよういんとようかいいき	GB		GBP	3	
IQ	IRQ	368	イラク	イラク共和国	Iraq	1	イラク	Iraq	iraq	バグダッド	Baghdad	33.333333	44.433333		28993000	438317	イラク	102300	3600	いらく			IQD	1	
IR	IRN	364	イラン	イラン・イスラム共和国	Iran	1	イラン	Iran	iran	テヘラン	Tehran	35.696189	51.422961		71208000	1648195	イラン	752967	10624	いらん			IRR	1	
IS	ISL	352	アイスランド	アイスランド共和国	Iceland	1	アイスランド	Iceland	iceland	レイキャヴィーク	Reykjavík	64.133333	-21.933333		301000	103000	アイスランド	12144	38751	あいすらんと			ISK	1	
IT	ITA	380	イタリア 	イタリア共和国	Italy	1	イタリア 	Italy	italy	ローマ	Rome	41.899	12.5		58877000	301318	イタリア 	1786429	30448	いたりあ 		1	EUR	2	
JE	JEY	832	ジャージー島	ジャージー島	Jersey	4	ジャージー島	Jersey		セント・ヘリア	Saint Helier	49.190017	-2.11		149000	194	ジャージー島	5100	57000	しやしとう	GB		GBP	3	
JM	JAM	388	ジャマイカ	ジャマイカ	Jamaica	1	ジャマイカ	Jamaica	jamaica	キングストン	[[Kingston, Jamaica|Kingston]]	17.983333	-76.8		2714000	10991	ジャマイカ	20673	7697	しやまいか			JMD	1	
JO	JOR	400	ヨルダン	ヨルダン・ハシェミット王国	Jordan	1	ヨルダン	Jordan	jordan	アンマン	Amman	31.956667	35.9325		5924000	89342	ヨルダン	27986	4886	よるたん			JOD	1	
JP	JPN	392	日本	日本	Japan	1	日本	Japan		東京	Tokyo	35.683333	139.766667		127967000	377906	日本	4289809	33577	にほん			JPY	1	
KE	KEN	404	ケニア	ケニア共和国	Kenya	1	ケニア	Kenya	kenya	ナイロビ	Nairobi	-1.283333	36.816667		37538000	580367	ケニア	58883	1699	けにあ			KES	1	
KG	KGZ	417	キルギス	キルギス共和国	Kyrgyzstan	1	キルギス	Kyrgyzstan	kyrgyz	ビシュケク	Bishkek	42.874722	74.612222		5317000	199900	キルギスタン	10500	1999	きるきす			KGS	1	
KH	KHM	116	カンボジア	カンボジア王国	Cambodia	1	カンボジア	Cambodia	cambodia	プノンペン	Phnom Penh	11.55	104.916667		14444000	181035	カンボジア	25900	1806	かんほしあ			KHR	1	
KI	KIR	296	キリバス 	キリバス共和国	Kiribati	1	キリバス 	Kiribati	kiribati	タラワ	Tarawa	1.36663	173.12494		95000	726	キリバス 	348	3565	きりはす			AUD	3	
KM	COM	174	コモロ	コモロ連合	Comoros	1	コモロ	Comoros	comoros	モロニ	Moroni, Comoros	-11.75	43.2		839000	2235	コモロ	719	1125	こもろ			KMF	1	
KN	KNA	659	セントクリストファー・ネービス	セントクリストファー・ネーヴィス	Saint Kitts and Nevis	1	セントクリストファー・ネービス	Saint Kitts and Nevis	scn	バセテール	Basseterre	17.3	-62.733333		50000	261	セントクリストファー・ネービス	721	13888	せんとくりすとふあねひす			XCD	2	
KP	PRK	408	北朝鮮	朝鮮民主主義人民共和国	North Korea	1	北朝鮮	North Korea	n_korea	平壌	Pyongyang	39.031859	125.753765		23790000	120538	北朝鮮	40000	1900	きたちようせん			KPW	1	
KR	KOR	410	韓国	大韓民国	South Korea	1	大韓民国	South Korea	korea	ソウル	Seoul	37.55	126.983333		48224000	99538	韓国	1200879	24783	かんこく			KRW	1	
KW	KWT	414	クウェート	クウェート国	Kuwait	1	クウェート	Kuwait	kuwait	[[クウェート (市)|クウェート市]]	Kuwait City	29.369722	47.978333		2851000	17818	クウェート	130113	39306	くうえと			KWD	1	
KY	CYM	136	ケイマン諸島	ケイマン諸島	Cayman Islands	4	ケイマン諸島	Cayman Islands		[[ジョージタウン (ケイマン諸島)|ジョージタウン]]	[[George Town, Cayman Islands|George Town]]	19.333333	-81.4		47000	264	ケイマン諸島	1939	43800	けいまん	GB		KYD	1	
KZ	KAZ	398	カザフスタン	カザフスタン共和国	Kazakhstan	1	カザフスタン	Kazakhstan	kazakhstan	アスタナ	Astana	51.166667	71.433333		15422000	2724900	カザフスタン	167622	11086	かさふすたん			KZT	1	
LA	LAO	418	ラオス	ラオス人民民主共和国	Laos	1	ラオス	Laos	laos	ビエンチャン	Vientiane	17.966667	102.6		5859000	236800	ラオス	12646	2060	らおす			LAK	1	
LB	LBN	422	レバノン	レバノン共和国	Lebanon	1	レバノン	Lebanon	lebanon	ベイルート	Beirut	33.886944	35.513056		4099000	10400	レバノン	42271	11270	れはのん			LBP	1	
LC	LCA	662	セントルシア	セントルシア	Saint Lucia	1	セントルシア	Saint Lucia	s_lucia	カストリーズ	Castries	14.016667	-60.983333		165000	539	セントルシア	1794	10654	せんとるしあ			XCD	2	
LI	LIE	438	リヒテンシュタイン	リヒテンシュタイン公国	Liechtenstein	1	リヒテンシュタイン	Liechtenstein	liechtenstein	ファドゥーツ	Vaduz	47.133333	9.516667		35000	160	リヒテンシュタイン	1786	25000	りひてんしゆたいん			CHF	3	
LK	LKA	144	スリランカ	スリランカ民主社会主義共和国	Sri Lanka	1	スリランカ	Sri Lanka	srilanka	スリジャヤワルダナプラコッテ	Sri Jayawardenapura-Kotte	6.910833	79.887778		19299000	65610	スリランカ	81288	4079	すりらんか			LKR	1	
LR	LBR	430	リベリア	リベリア共和国	Liberia	1	リベリア	Liberia	liberia	モンロビア	Monrovia	6.3175	-10.779722		3750000	111369	リベリア	1340	357	りへりあ			LRD	1	
LS	LSO	426	レソト	レソト王国	Lesotho	1	レソト	Lesotho	lesotho	マセル	Maseru	-29.31	27.48		2008000	30355	レソト	3092	1285	れそと			LSL	1	
LT	LTU	440	リトアニア	リトアニア共和国	Lithuania	1	リトアニア	Lithuania	lithuania	ビリニュス	Vilnius	54.683333	25.283333		3390000	65300	リトアニア	59644	17661	りとあにあ		1	LTL	1	
LU	LUX	442	ルクセンブルク	ルクセンブルク大公国	Luxembourg	1	ルクセンブルク	Luxembourg	luxembourg	ルクセンブルク	Luxembourg	49.6	6.116667		467000	2586	ルクセンブルク	38555	80457	るくせんふるく		1	EUR	2	
LV	LVA	428	ラトビア	ラトビア共和国	Latvia	1	ラトビア	Latvia	latvia	リガ	Riga	56.966667	24.133333		2277000	64600	ラトビア	39731	17416	らとひあ		1	EUR	2	
LY	LBY	434	リビア	大リビア・アラブ社会主義人民ジャマーヒリーヤ国	Libya	1	リビア	Libya	libya	[[トリポリ (リビア)|トリポリ]]	Tripoli	32.902222	13.185833		6160000	1759540	リビア	74752	12277	りひあ			LYD	1	
MA	MAR	504	モロッコ	モロッコ王国	Morocco	1	モロッコ	Morocco	morocco	ラバト	Rabat	34.033333	-6.833333		31224000	446550	モロッコ	125250	4076	もろつこ			MAD	1	
MC	MCO	492	モナコ	モナコ公国	Monaco	1	モナコ	Monaco	monaco	モナコ	Monaco	43.7285	7.4172		33000	2	モナコ	976	30000	もなこ			EUR	3	
MD	MDA	498	モルドバ	モルドバ共和国	Moldova	1	モルドバ	Moldova	moldova	キシニョフ	Chişinău	47.0107	28.8687		3794000	33851	モルドバ	9821	2901	もるとは			MDL	1	
ME	MNE	499	モンテネグロ	モンテネグロ	Montenegro	1	モンテネグロ	Montenegro	montenegro	ポドゴリツァ	Podgorica	42.47	19.28	憲法上の首都は[[ツェティニエ]]（[[Cetinje]]）である。	598000		モンテネグロ	5918	10225	もんてねくろ			EUR	3	
MF	MAF	663	サン・マルタン	サン・マルタン	Saint Martin	4	サン・マルタン (西インド諸島)	Collectivity of Saint Martin		マリゴ	[[Marigot, Saint Martin|Marigot]]	18.0731	-63.0822		29376		セント・マーチン島			さんまるたん	FR		EUR	3	
MG	MDG	450	マダガスカル	マダガスカル共和国	Madagascar	1	マダガスカル	Madagascar	madagascar	アンタナナリボ	Antananarivo	-18.933333	47.516667		19683000	587041	マダガスカル	18120	1068	またかすかる			MGA	1	
MH	MHL	584	マーシャル諸島	マーシャル諸島共和国	Marshall Islands	1	マーシャル諸島	Marshall Islands	marshall	マジュロ	Majuro	7.066667	171.266667		59000	181	マーシャル諸島	115	2900	ましやる			USD	3	
MK	MKD	807	マケドニア共和国	マケドニア旧ユーゴスラビア共和国	Republic of Macedonia	1	マケドニア共和国	Republic of Macedonia	macedonia	スコピエ	Skopje	42	21.433333		2038000	25713	マケドニア	17350	8468	まけとにあ			MKD	1	
ML	MLI	466	マリ	マリ共和国	Mali	1	[[マリ共和国|マリ]]	Mali	mali	バマコ	Bamako	12.65	-8		12337000	1240192	マリ	13465	1031	まり			XOF	2	
MM	MMR	104	ミャンマー	ミャンマー連邦	Myanmar	1	ミャンマー	Myanmar	myanmar	ネーピードー	Naypyidaw	19.75	96.1		48798000	676578	ミャンマー	59904	1039	みやんま			MMK	1	
MN	MNG	496	モンゴル	モンゴル国	Mongolia	1	モンゴル	Mongolia	mongolia	ウランバートル	Ulan_Bator	47.916667	106.916667		2629000	1564116	モンゴル	8420	3203	もんこる			MNT	1	
MO	MAC	446	マカオ	マカオ	Macau	4	マカオ	Macau	macao	マカオ	Macau	22.166667	113.55	1999年ポルトガルから中華人民共和国へ返還され、特別行政区となった。	481000	26	マカオ	21066	43888	まかお	CN		MOP	1	
MP	MNP	580	北マリアナ諸島	北マリアナ諸島	Northern Mariana Islands	4	北マリアナ諸島	Northern Mariana Islands		サイパン島	Saipan	15.017222	145.068056	アメリカ領のコモンウェルス（自治連邦区）である。	84000	464	北マリアナ諸島	900	12500	きたまりあな	US		USD	3	
MQ	MTQ	474	マルティニーク	マルティニーク	Martinique	4	マルティニーク	Martinique		フォール・ド・フランス	Fort-de-France	14.666667	-61		399000	1102	マルティニーク			まるていにく	FR		EUR	3	
MR	MRT	478	モーリタニア	モーリタニア・イスラム共和国	Mauritania	1	モーリタニア	Mauritania	mauritania	ヌアクショット	Nouakchott	18.1	-15.95		3124000	1025520	モーリタニア	5947	2008	もりたにあ			MRO	1	
MS	MSR	500	モントセラト	モントセラト	Montserrat	4	モントセラト	Montserrat		[[プリマス (モントセラト)|プリマス]]	[[Plymouth, Montserrat|Plymouth]]	16.75	-62.2		6000	102	モントセラト	29	3400	もんとせらと	GB		XCD	2	
MT	MLT	470	マルタ	マルタ共和国	Malta	1	マルタ	Malta	malta	バレッタ	Valletta	35.897778	14.5125		407000	316	マルタ	9396	22907	まるた		1	EUR	2	
MU	MUS	480	モーリシャス	モーリシャス共和国	Mauritius	1	モーリシャス	Mauritius	mauritius	ポートルイス	Port Louis	-20.166667	57.516667		1262000	2040	モーリシャス	14060	11152	もりしやす			MUR	1	
MV	MDV	462	モルディブ	モルディブ共和国	Maldives	1	モルディブ	Maldives	maldives	マレ	Malé	4.166667	73.5		306000	298	モルジブ	1588	4604	もるていふ			MVR	1	
MW	MWI	454	マラウイ	マラウイ共和国	Malawi	1	マラウイ	Malawi	malawi	リロングウェ	Lilongwe	-13.983333	33.783333		13925000	118484	マラウィ	10513	785	まらうい			MWK	1	
MX	MEX	484	メキシコ	メキシコ合衆国	Mexico	1	メキシコ	Mexico	mexico	メキシコシティ	Mexico City	19.4	-99.116667		106535000	1958201	メキシコ	1346009	12775	めきしこ			MXN	1	
MY	MYS	458	マレーシア	マレーシア	Malaysia	1	マレーシア	Malaysia	malaysia	クアラルンプール	Kuala Lumpur	3.133333	101.7		26572000	329847	マレーシア	357391	13315	まれしあ			MYR	1	
MZ	MOZ	508	モザンビーク	モザンビーク共和国	Mozambique	1	モザンビーク	Mozambique	mozambique	マプト	Maputo	-25.966667	32.583333		21397000	801590	モザンビーク	17019	830	もさんひく			MZN	1	
NA	NAM	516	ナミビア	ナミビア共和国	Namibia	1	ナミビア	Namibia	namibia	ウィントフック	Windhoek	-22.5744	17.0808		2074000	824292	ナミビア	10715	5189	なみひあ			NAD	1	
NC	NCL	540	ニューカレドニア	ニューカレドニア	New Caledonia	4	ニューカレドニア	New Caledonia		ヌメア	Nouméa	-21.5	165.5	フランスの海外領土（特別共同体）	242000	18575	ニューカレドニア	3158	15000	にゆかれとにあ	FR		XPF	2	
NE	NER	562	ニジェール	ニジェール共和国	Niger	1	ニジェール	Niger	niger	ニアメ	Niamey	13.521389	2.105278		14226000	1267000	ニジェール	8902	667	にしえる			XOF	2	
NF	NFK	574	ノーフォーク島	ノーフォーク島	Norfolk Island	4	ノーフォーク島	Norfolk Island		[[キングストン (ノーフォーク島)|キングストン]]	[[Kingston, Norfolk Island|Kingston]]	-29.033333	167.95	オーストラリア領で連邦政府が管理する特別地域となっている。	2114	36	ノーフォーク島			のふおく	AU		AUD	3	
NG	NGA	566	ナイジェリア	ナイジェリア連邦共和国	Nigeria	1	ナイジェリア	Nigeria	nigeria	アブジャ	Abuja	9.068	7.51125		148093000	923768	ナイジェリア	292682	2035	ないしえりあ			NGN	1	
NI	NIC	558	ニカラグア	ニカラグア共和国	Nicaragua	1	ニカラグア	Nicaragua	nicaragua	マナグア	Managua	12.136389	-86.251389		5603000	130000	ニカラグア	15839	2617	にからくあ			NIO	1	
NL	NLD	528	オランダ	オランダ王国	Netherlands	1	オランダ	Netherlands	netherlands	アムステルダム	Amsterdam	52.373056	4.892222	政庁所在地は[[ハーグ]]（[[The Hague]]）である。	16419000	41528	オランダ	639512	38486	おらんた		1	EUR	2	
NO	NOR	578	ノルウェー	ノルウェー王国	Norway	1	ノルウェー	Norway	norway	オスロ	Oslo	59.949444	10.756389		4698000	385155	ノルウェー	247416	53037	のるうえ			NOK	1	
NP	NPL	524	ネパール	ネパール連邦民主共和国	Nepal	1	ネパール	Nepal	nepal	カトマンズ	Kathmandu	27.7	85.333333		28196000	147181	ネパール	29040	1207	ねはる			NPR	1	
NR	NRU	520	ナウル	ナウル共和国	Nauru	1	ナウル	Nauru	nauru	ヤレン	Yaren	-0.55	166.916667		10000	21	ナウル	60	5000	なうる			AUD	3	
NU	NIU	570	ニウエ	ニウエ	Niue	4	ニウエ	Niue	niue	アロフィ	Alofi	-19.055	-169.921		2000	260	ニウエ	8	5800	にうえ	NZ		NZD	3	
NZ	NZL	554	ニュージーランド	ニュージーランド	New Zealand	1	ニュージーランド	New Zealand	nz	ウェリントン	Wellington	-41.288889	174.777222		4179000	270534	ニュージーランド	111721	26379	にゆしらんと			NZD	1	
OM	OMN	512	オマーン	オマーン国	Oman	1	オマーン	Oman	oman	マスカット	[[Muscat, Oman|Muscat]]	23.608611	58.591944		2595000	309500	オマーン	61607	23967	おまん			OMR	1	
PA	PAN	591	パナマ	パナマ共和国	Panama	1	パナマ	Panama	panama	パナマシティ	Panama City	8.983333	-79.516667		3343000	75517	パナマ	34510	10322	はなま			PAB	1	
PE	PER	604	ペルー	ペルー共和国	Peru	1	ペルー	Peru	peru	リマ	Lima	-12.043333	-77.028333		27903000	1285216	ペルー	219015	7803	へる			PEN	1	
PF	PYF	258	フランス領ポリネシア	フランス領ポリネシア	French Polynesia	4	フランス領ポリネシア	French Polynesia		パペーテ	Papeete	-17.566667	-149.6		263000	4000	フランス領ポリネシア	4580	17500	ふらんすりようほりねしあ	FR		XPF	2	
PG	PNG	598	パプアニューギニア	パプアニューギニア独立国	Papua New Guinea	1	パプアニューギニア	Papua New Guinea	png	ポートモレスビー	Port Moresby	-9.466667	147.166667		6331000	462840	パプアニューギニア	11943	1972	はふあにゆきにあ			PGK	1	
PH	PHL	608	フィリピン	フィリピン共和国	Philippines	1	フィリピン	Philippines	philippines	マニラ	Manila	14.5997	120.9812		87960000	300000	フィリピン	299626	3378	ふいりひん			PHP	1	
PK	PAK	586	パキスタン	パキスタン・イスラム共和国	Pakistan	1	パキスタン	Pakistan	pakistan	イスラマバード	Islamabad	33.716667	73.066667		163902000	796095	パキスタン	409958	2592	はきすたん			PKR	1	
PL	POL	616	ポーランド	ポーランド共和国	Poland	1	ポーランド	Poland	poland	ワルシャワ	Warsaw	52.2323	21.008433		38082000	312685	ポーランド	620868	16311	ほらんと		1	PLN	1	
PM	SPM	666	サンピエール島・ミクロン島	サンピエール島・ミクロン島	Saint Pierre and Miquelon	4	サンピエール島・ミクロン島	Saint Pierre and Miquelon		サンピエール	[[Saint-Pierre, Saint Pierre and Miquelon|Saint-Pierre]]	46.783333	-56.166667		6000	242	サンピエール・ミクロン	48	7000	さんひえる	FR		EUR	3	
PN	PCN	612	ピトケアン諸島	ピトケアン諸島	Pitcairn	4	ピトケアン諸島	Pitcairn Islands		[[アダムスタウン (ピトケアン)|アダムスタウン]]	[[Adamstown, Pitcairn Island|Adamstown]]	-25.066115	-130.1004195	イギリス領、バウンティ号反乱事件の首謀者の末裔が住む。	48		ピトケアン諸島			ひとけあん	GB		NZD	3	
PR	PRI	630	プエルトリコ	プエルトリコ	Puerto Rico	4	プエルトリコ	Puerto Rico		[[サンフアン (プエルトリコ)|サンフアン]]	[[San Juan, Puerto Rico|San Juan]]	18.23	-66		3991000	8875	プエルトリコ	77410	19600	ふえるとりこ	US		USD	3	
PS	PSE	275	パレスチナ	パレスチナ自治区	Palestinian National Authority	4	パレスチナ自治政府	State of Palestine	plo	ラマッラー	Ramallah	31.905008	35.204494		4017000	6020	パレスチナ	5034	1100	はれすちな	IL		ILS	3	
PT	PRT	620	ポルトガル	ポルトガル共和国	Portugal	1	ポルトガル	Portugal	portugal	リスボン	Lisbon	38.7	-9.183333		10623000	91982	ポルトガル	230549	21701	ほるとかる		1	EUR	2	
PW	PLW	585	パラオ	パラオ共和国	Palau	1	パラオ	Palau	palau	マルキョク州	Melekeok	7.500644	134.624092		20000	459	パラオ	125	7600	はらお			USD	3	
PY	PRY	600	パラグアイ	パラグアイ共和国	Paraguay	1	パラグアイ	Paraguay	paraguay	アスンシオン	Asunción	-25.296389	-57.641389		6127000	406752	パラグアイ	27082	4489	はらくあい			PYG	1	
QA	QAT	634	カタール	カタール国	Qatar	1	カタール	Qatar	quatar	ドーハ	Doha	25.286667	51.533333		841000	11000	カタール	75224	80870	かたる			QAR	1	
RE	REU	638	レユニオン	レユニオン	Réunion	4	レユニオン	Réunion		[[サン＝ドニ (レユニオン)|サン＝ドニ]]	[[Saint-Denis, Réunion|Saint-Denis]]	-21.114444	55.5325		807000	2510	レユニオン			れゆにおん	FR		EUR	3	
RO	ROU	642	ルーマニア	ルーマニア	Romania	1	ルーマニア	Romania	romania	ブカレスト	Bucharest	44.4325	26.103889		21438000	238391	ルーマニア	245540	11387	るまにあ		1	RON	1	
RS	SRB	688	セルビア	セルビア共和国	Serbia	1	セルビア	Serbia	serbia	ベオグラード	Belgrade	44.820556	20.462222		9858000	102173	セルビア	77277	10375	せるひあ			CSD	1	
RU	RUS	643	ロシア	ロシア	Russia	1	ロシア	Russia	russia	モスクワ	Moscow	55.752222	37.632222		142499000	17098242	ロシア	2087815	14692	ろしあ			RUB	1	
RW	RWA	646	ルワンダ	ルワンダ共和国	Rwanda	1	ルワンダ	Rwanda	rwanda	キガリ	Kigali	-1.943889	30.059444		9725000	26338	ルワンダ	8440	899	りわんた			RWF	1	
SA	SAU	682	サウジアラビア	サウジアラビア王国	Saudi Arabia	1	サウジアラビア	Saudi Arabia	saudi	リヤド	Riyadh	24.711667	46.724167		24735000	2149690	サウジアラビア	564561	23243	さうしあらひあ			SAR	1	
SB	SLB	90	ソロモン諸島	ソロモン諸島	Solomon Islands	1	ソロモン諸島	Solomon Islands	solomon	ホニアラ	Honiara	-9.433333	159.95		496000	28896	ソロモン諸島	948	1864	そろもん			SBD	1	
SC	SYC	690	セーシェル	セーシェル共和国	Seychelles	1	セーシェル	Seychelles	seychelles	ビクトリア	[[Victoria, Seychelles|Victoria]]	-4.6167	55.45		87000	455	セーシェル	1378	16642	せしゆる			SCR	1	
SD	SDN	736	スーダン	スーダン共和国	Sudan	1	スーダン	Sudan	sudan	ハルツーム	Khartoum	15.566667	33.6		38560000	2505813	スーダン	80706	2172	すたん			SDG	1	
SE	SWE	752	スウェーデン	スウェーデン王国	Sweden	1	スウェーデン	Sweden	sweden	ストックホルム	Stockholm	59.35	18.066667		9119000	449964	スウェーデン	334641	36494	すうえてん		1	SEK	1	
SG	SGP	702	シンガポール	シンガポール共和国	Singapore	1	シンガポール	Singapore	singapore	シンガポール	Singapore	1.283333	103.85		4436000	683	シンガポール	228116	49714	しんかほる			SGD	1	
SH	SHN	654	セントヘレナ、アセンション及びトリスタン・ダ・クーニャ	セントヘレナ、アセンション及びトリスタン・ダ・クーニャ	Saint Helena	4	セントヘレナ・アセンションおよびトリスタン・ダ・クーニャ	Saint Helena		[[ジェームズタウン (セントヘレナ)|ジェームズタウン]]	[[Jamestown, Saint Helena|Jamestown]]	-15.924444	-5.718056	南大西洋にある絶海の孤島、イギリスの海外領土	7000	122	セントヘレナ	18	2500	せんとへれな	GB		SHP	1	
SI	SVN	705	スロベニア	スロベニア共和国	Slovenia	1	スロベニア	Slovenia	slovenia	リュブリャナ	Ljubljana	46.051389	14.505556		2002000	20256	スロベニア	54669	27205	すろへにあ		1	EUR	2	
SJ	SJM	744	スヴァールバル諸島・ヤンマイエン島	スヴァールバル諸島・ヤンマイエン島	Svalbard and Jan Mayen	4	[[スヴァールバル諸島]]・[[ヤンマイエン島]]	Svalbard and Jan Mayen		ロングイェールビーン	Longyearbyen	78.2221	15.6465		2214	62422	スヴァールバル			すうある	NO		NOK	3	
SK	SVK	703	スロバキア	スロバキア共和国	Slovakia	1	スロバキア	Slovakia	slovak	ブラチスラバ	Bratislava	48.144722	17.112778		5390000	49033	スロバキア	109587	20251	すろはきあ		1	EUR	2	
SL	SLE	694	シエラレオネ	シエラレオネ共和国	Sierra Leone	1	シエラレオネ	Sierra Leone	s_leone	フリータウン	Freetown	8.5	-13.116667		5866000	71740	シエラレオネ	3971	692	しえられおね			SLL	1	
SM	SMR	674	サンマリノ	サンマリノ共和国	San Marino	1	サンマリノ	San Marino	sanmarino_r	サンマリノ市	City of San Marino	43.933333	12.433333		31000	61	サンマリノ	1302	44897	さんまりの			EUR	3	
SN	SEN	686	セネガル	セネガル共和国	Senegal	1	セネガル	Senegal	senegal	ダカール	Dakar	14.692778	-17.446667		12379000	196722	セネガル	20601	1685	せねかる			XOF	2	
SO	SOM	706	ソマリア	ソマリア民主共和国	Somalia	1	ソマリア	Somalia	somali	モガディシオ	Mogadishu	2.033333	45.35		8699000	637657	ソマリア	5575	600	そまりあ			SOS	1	
SR	SUR	740	スリナム 	スリナム共和国	Suriname	1	スリナム 	Suriname	suriname	パラマリボ	Paramaribo	5.866667	-55.166667		458000	163820	スリナム 	4073	7756	すりなむ 			SRD	1	
SS	SSD	728	南スーダン	南スーダン共和国	South Sudan	1	南スーダン	South Sudan	s_sudan	[[ジュバ (スーダン)|ジュバ]]	Juba	4.85	31.6							みなみすうたん			SSP	1	
ST	STP	678	サントメ・プリンシペ	サントメ・プリンシペ民主共和国	São Tomé and Príncipe	1	サントメ・プリンシペ	São Tomé and Príncipe	stp	サントメ	São Tomé	0.336111	6.681389		158000	964	サントメ・プリンシペ	256	1565	さんとめふりんしへ			STD	1	
SV	SLV	222	エルサルバドル	エルサルバドル共和国	El Salvador	1	エルサルバドル	El Salvador	elsalvador	サンサルバドル	San Salvador	13.69	-89.190003		6857000	21041	エルサルバドル	41652	5842	えるさるはとる			SVC	1	
SX	SXM	534	シント・マールテン	シント・マールテン	Sint Maarten	4	シント・マールテン	Sint Maarten		フィリップスブルフ	Philipsburg, Sint Maarten	18.0237	-63.0458							しんとまあるてん	NL		ANG	2	
SY	SYR	760	シリア	シリア・アラブ共和国	Syria	1	シリア	Syria	syria	ダマスカス	Damascus	33.513056	36.291944		19929000	185180	シリア	87091	4488	しりあ			SYP	1	
SZ	SWZ	748	スワジランド	スワジランド王国	Swaziland	1	スワジランド	Swaziland	swaziland	ムババーネ	Mbabane	-26.316667	31.133333		1141000	17364	スワジランド	5626	4836	すわしらんと			SZL	1	
TC	TCA	796	タークス・カイコス諸島	タークス・カイコス諸島	Turks and Caicos Islands	4	タークス・カイコス諸島	Turks and Caicos Islands		コックバーンタウン	Cockburn Town	21.883333	-71.783333		26000	948	タークス・カイコス諸島	216	11500	たくすかいこす	GB		USD	3	
TD	TCD	148	チャド	チャド共和国	Chad	1	チャド	Chad	chad	ンジャメナ	N'Djamena	12.113056	15.049167		10781000	1284000	チャド	15902	1675	ちやと			XAF	2	
TF	ATF	260	フランス領南方・南極地域	フランス領南方・南極地域	French Southern Territories	4	フランス領南方・南極地域	French Southern and Antarctic Lands		ポルトーフランセ	Port-aux-Français	-49.35	70.216667							ふらんすりようなんほうなんきよく	FR		EUR	3	
TG	TGO	768	トーゴ	トーゴ共和国	Togo	1	トーゴ	Togo	togo	ロメ	Lomé	6.137778	1.2125		6585000	56785	トーゴ	5208	806	とこ			XOF	2	
TH	THA	764	タイ	タイ王国	Thailand	1	[[タイ王国|タイ]]	Thailand	thailand	バンコク	Bangkok	13.752222	100.493889		63884000	513115	タイ	519362	7900	たい			THB	1	
TJ	TJK	762	タジキスタン	タジキスタン共和国	Tajikistan	1	タジキスタン	Tajikistan	tajikistan	ドゥシャンベ	Dushanbe	38.536667	68.78		6736000	143100	タジキスタン	11819	1841	たしきすたん			TJS	1	
TK	TKL	772	トケラウ諸島	トケラウ諸島	Tokelau	4	トケラウ諸島	Tokelau		-	-	-8.551667	-172.500833		1000	12	トケラウ	2	1000	とけらう	NZ		NZD	3	
TL	TLS	626	東ティモール	東ティモール民主共和国	Timor-Leste	1	東ティモール	East Timor	easttimor	ディリ	Dili	-8.566667	125.566667		1155000	14874	東ティモール	2608	2506	ひかしていもる			USD	3	
TM	TKM	795	トルクメニスタン	トルクメニスタン	Turkmenistan	1	トルクメニスタン	Turkmenistan	turkmenistan	アシガバート	Ashgabat	37.966667	58.333333		4965000	488100	トルクメニスタン	26727	5154	とるくめにすたん			TMM	1	
TN	TUN	788	チュニジア	チュニジア共和国	Tunisia	1	チュニジア	Tunisia	tunisia	チュニス	Tunis	36.816667	10.183333		10327000	163610	チュニジア	76999	7473	ちゆにしあ			TND	1	
TO	TON	776	トンガ	トンガ王国	Tonga	1	トンガ	Tonga	tonga	ヌクアロファ	Nukuʻalofa	-21.133333	-175.2		100000	747	トンガ	526	5129	とんか			TOP	1	
TR	TUR	792	トルコ	トルコ共和国	Turkey	1	トルコ	Turkey	turkey	アンカラ	Ankara	39.866667	32.866667		74877000	783562	トルコ	887964	12888	とるこ			TRY	1	
TT	TTO	780	トリニダード・トバゴ	トリニダード・トバゴ共和国	Trinidad and Tobago	1	トリニダード・トバゴ	Trinidad and Tobago	trinidad	ポートオブスペイン	Port of Spain	10.666667	-61.516667		1333000	5130	トリニダード・トバゴ	23788	18278	とりにたととはこ			TTD	1	
TV	TUV	798	ツバル	ツバル	Tuvalu	1	ツバル	Tuvalu	tuvalu	フナフティ	Funafuti	-8.516667	179.216667		11000	26	ツバル	15	1600	つはる			AUD	3	
TW	TWN	158	台湾	中華民国	Republic of China	3	中華民国	Taiwan	taiwan	台北市	Taipei	25.033333	121.633333		22858872	36006	台湾	695388	30126	たいわん			TWD	3	
TZ	TZA	834	タンザニア	タンザニア連合共和国	Tanzania	1	タンザニア	Tanzania	tanzania	ドドマ	Dodoma	-6.173056	35.741944	事実上の首都は、[[ダルエスサラーム]]（[[Dar es Salaam]]）である。	40454000	945087	タンザニア	48937	1256	たんさにあ			TZS	3	
UA	UKR	804	ウクライナ	ウクライナ	Ukraine	1	ウクライナ	Ukraine	ukraine	キエフ	Kiev	50.45	30.523333		46205000	603700	ウクライナ	320126	6941	うくらいな			UAH	3	
UG	UGA	800	ウガンダ	ウガンダ共和国	Uganda	1	ウガンダ	Uganda	uganda	カンパラ	Kampala	0.316667	32.583333		30884000	241038	ウガンダ	29036	939	うかんた			UGX	3	
UM	UMI	581	合衆国領有小離島	合衆国領有小離島	United States Minor Outlying Islands	4	合衆国領有小離島	United States Minor Outlying Islands		-	-	19.3	166.633333	正式には合衆国領有小離島と呼ばれ太平洋だけでなくカリブ海の小離島を含む。永住する住民はいない。		34	ミッドウェー島			かつしうこくりようゆうしようりとう	US			0	
US	USA	840	アメリカ	アメリカ合衆国	United States	1	アメリカ合衆国	United States	usa	ワシントンD.C.	Washington, D.C.	38.895111	-77.036667		305826000	9629091	アメリカ合衆国	13843825	45845	あめりか			USD	1	
UY	URY	858	ウルグアイ	ウルグアイ東方共和国	Uruguay	1	ウルグアイ	Uruguay	uruguay	モンテビデオ	Montevideo	-34.883333	-56.166667		3340000	175016	ウルグアイ	37188	11621	うるくあい			UYU	1	
UZ	UZB	860	ウズベキスタン	ウズベキスタン共和国	Uzbekistan	1	ウズベキスタン	Uzbekistan	uzbekistan	タシケント	Tashkent	41.266667	69.216667		27372000	447400	ウズベキスタン	64149	2344	うすへきすたん			UZS	1	
VA	VAT	336	バチカン 	バチカン市国	Vatican City	1	バチカン 	Vatican City	vatican	バチカン	Vatican City	41.9	12.45		1000	0.44	バチカン 			はちかん			EUR	3	
VC	VCT	670	セントビンセントおよびグレナディーン諸島	セントビンセント及びグレナディーン諸島	Saint Vincent and the Grenadines	1	セントビンセントおよびグレナディーン諸島	Saint Vincent and the Grenadines	svg	キングスタウン	Kingstown	13.166667	-61.233333		120000	388	セントビンセントおよびグレナディーン	1042	9751	せんとひんせんと			XCD	2	
VE	VEN	862	ベネズエラ	ベネズエラ・ボリバル共和国	Venezuela	1	ベネズエラ	Venezuela	venezuela	カラカス	Caracas	10.5	-66.916667		27657000	912050	ベネズエラ	334575	12166	へねすえら			VEB	1	
VG	VGB	92	イギリス領ヴァージン諸島	イギリス領ヴァージン諸島	British Virgin Islands	4	イギリス領ヴァージン諸島	British Virgin Islands		ロードタウン	Road Town	18.5	-64.5		23000	151	イギリス領ヴァージン諸島	853	38500	いぎりすりよううあしん	GB		USD	3	
VI	VIR	850	アメリカ領ヴァージン諸島	アメリカ領ヴァージン諸島	United States Virgin Islands	4	アメリカ領ヴァージン諸島	United States Virgin Islands		シャーロット・アマリー	[[Charlotte Amalie, United States Virgin Islands|Charlotte Amalie]]	18.35	-64.933333		111000	347	メリカ領ヴァージン諸島	1577	14500	あめりかりよううあしん	US		USD	3	
VN	VNM	704	ベトナム 	ベトナム社会主義共和国	Vietnam	1	ベトナム 	Vietnam	vietnam	ハノイ	Hanoi	21.033333	105.85		87375000	331689	ベトナム 	221397	2587	へとなむ			VND	1	
VU	VUT	548	バヌアツ	バヌアツ共和国	Vanuatu	1	バヌアツ	Vanuatu	vanuatu	ポートビラ	Port Vila	-17.75	168.3		226000	12189	バヌアツ	897	3920	はぬあつ			VUV	1	
WF	WLF	876	ウォリス・フツナ	ウォリス・フツナ	Wallis and Futuna	4	ウォリス・フツナ	Wallis and Futuna		マタウトゥ	Mata-Utu	-13.283333	-176.183333		15000	200	ウォリス・フツナ	60	3800	うおりすふつな	FR		XPF	2	
WS	WSM	882	サモア	サモア独立国	Samoa	1	サモア	Samoa	samoa	アピア	Apia	-13.833333	-171.77		187000	2831	サモア	1029	5446	さもあ			WST	1	
XB			北キプロス・トルコ共和国	北キプロス・トルコ共和国	Northern Cyprus	3	北キプロス・トルコ共和国	Northern Cyprus		レフコシャ	Nicosia	35.2	33.38		264172		キプロス	1865	11800	きたきぷろすとるこ			TRL	3	
XC			ソマリランド	ソマリランド共和国	Republic of Somaliland	3	ソマリランド	Republic of Somaliland		ハルゲイサ	Hargeisa	9.5	44	紛争状態の続くソマリアで、旧イギリス領ソマリランド部分を領土として独立を宣言し実効支配をしているが、どの国からも承認を受けていない。	3500000	137600				そまりらんと				0	
XD			アブハジア	アブハジア共和国	Abkhazia	3	アブハジア	Abkhazia		スフミ	Sukhumi	43.003333	41.015278	アブハジア自治共和国としてグルジアに属するが、現在は事実上独立している。しかし、その独立は国際的には認められていない。	177000	8432				あふはしあ			RUB	3	
XE			南オセチア	南オセチア共和国	South Ossetia	3	南オセチア	South Ossetia		ツヒンワリ	Tskhinvali	42.233333	43.966667	独立派政府が、グルジアからの分離独立を求めており、南オセチアを実効支配している。	70000	3900				みなみおせちあ			RUB	3	
XF			沿ドニエストル共和国	沿ドニエストル共和国	Transnistria	3	沿ドニエストル共和国	Transnistria		ティラスポリ	Tiraspol	46.85	29.633333		537000					えんとにえすとる				0	
XG			ナゴルノ・カラバフ	ナゴルノ・カラバフ共和国	Nagorno-Karabakh Republic	3	ナゴルノ・カラバフ	Nagorno-Karabakh Republic		ステパナケルト	Stepanakert	39.815278	46.751944		138000					なこるのからはふ			AMD	3	
XK			コソボ	コソボ共和国	Kosovo	3	コソボ	Kosovo	kosovo	プリシュティナ	Pristina	42.666667	21.166667		2126708		コソボ	4000	1800	こそほ			EUR	3	
XZ			アクロティリおよびデケリア	アクロティリおよびデケリア	Akrotiri and Dhekelia	4	アクロティリおよびデケリア	Akrotiri and Dhekelia		エピスコピ駐屯地	Episkopi Cantonment	34.583333	32.983333		15700					あくろていり				0	
YE	YEM	887	イエメン	イエメン共和国	Yemen	1	イエメン	Yemen	yemen	サヌア	San‘a’	15.4047	44.2067		22389000	527968	イエメン	52050	2335	いえめん			YER	1	
YT	MYT	175	マヨット	マヨット	Mayotte	4	マヨット	Mayotte		マムズ	Mamoudzou	-12.843056	45.138333		208783		マヨット	954	4900	まよつと	FR		EUR	3	
ZA	ZAF	710	南アフリカ	南アフリカ共和国	South Africa	1	南アフリカ	South Africa	s_africa	プレトリア	Pretoria	-25.745	28.190278		48577000	1221037	南アフリカ	467089	9761	みなみあふりか			ZAR	1	
ZM	ZMB	894	ザンビア	ザンビア共和国	Zambia	1	ザンビア	Zambia	zambia	ルサカ	Lusaka	-15.416667	28.283333		11922000	752618	ザンビア	15918	1309	さんひあ			ZMK	1	
ZW	ZWE	716	ジンバブエ	ジンバブエ共和国	Zimbabwe	1	ジンバブエ	Zimbabwe	zimbabwe	ハラレ	Harare	-17.863889	31.029722		13349000	390757	ジンバブエ	2211	188	しんはふえ			ZWD	1	
